"rank","file","title","w","h","blue"
"1","p01.jpg","하우테크 카다로그","370","240","41"
"2","p02.jpg","한국토지주택공사 브로슈어","370","240","40"
"3","p03.jpg","베베드클린 브로슈어","370","240","34"
"4","p04.jpg","일렉트로워터 리플렛","370","240","29"
"5","p05.jpg","아크릴 브로슈어","370","240","28"
"6","p06.jpg","엔비피 헬스케어 영문 카다로그","370","240","28"
"7","p07.jpg","이지큐어 EZ-IM 2단 리플렛","370","240","27"
"8","p08.jpg","연세대학교 대한민국 청소년 정신건강연구 3단 리플렛","370","240","26"
"9","p09.jpg","전북음악아카데미 포스터","370","240","24"
"10","p10.jpg","워터트리네즈 리플렛","370","240","24"
"11","p11.jpg","KPGA 코리안투어 브로슈어","370","240","24"
"12","p12.jpg","뷰티밤 주당의 비결 패키지","370","240","23"
"13","p13.jpg","나노기술연구협의회 브로슈어","370","240","22"
"14","p14.jpg","FNT 오토피더 리플렛","370","240","22"
"15","p15.jpg","Bio Health Platform 영문 카다로그","370","240","20"
"16","p16.jpg","대한보건의료정보관리사협회 3단 리플렛","370","240","20"
"17","p17.jpg","현대 종합금속 브로슈어","370","240","18"
"18","p18.jpg","제스트업 3단 리플렛","370","240","18"
"19","p19.jpg","폴로엔터프라이즈 카다로그","370","240","18"
"20","p20.jpg","마케톤 주식회사 영문 카다로그","370","240","17"
"21","p21.jpg","대한보건의료정보관리사협회 리플릿","370","240","16"
"22","p22.jpg","엠케이얼라이언스 브로슈어","370","240","16"
"23","p23.jpg","하바드 카다로그","370","240","14"
"24","p24.jpg","컨설팅 지원사업 우수사례집","370","240","12"
"25","p25.jpg","GH파트너즈 카다로그","370","240","12"
"26","p26.jpg","한국지식재산보호원 포스터","370","240","11"
"27","p27.jpg","청명 카다로그","370","240","11"
"28","p28.jpg","제스트업 포스터","370","240","10"
"29","p29.jpg","찬스아이 2단 리플렛","370","240","10"
"30","p30.jpg","에이치투엘 카다로그","370","240","8"
"31","p31.jpg","아신투어 에코어스 리플렛","370","240","8"
"32","p32.jpg","대진건설 카탈로그","370","240","8"
"33","p33.jpg","원콜 리플렛","370","240","8"
"34","p34.jpg","NPV 리플렛","370","240","8"
"35","p35.jpg","화성아름보호 작업장 2단 리플렛","370","240","7"
"36","p36.jpg","명성골프 2단 리플렛","370","240","7"
"37","p37.jpg","원앤탑 C.I","370","240","7"
"38","p38.jpg","삼정토탈마린 카다로그","370","240","7"
"39","p39.jpg","두산대학교 C.I","370","240","6"
"40","p40.jpg","아스터개발 브로슈어","370","240","6"
"41","p41.jpg","연세대 포스터","370","240","6"
"42","p42.jpg","명지대학교 리플렛","370","240","6"
